{"cameraMode":{"drawMode":0,"name":"Shaded","section":"Shading Mode"},"sceneLighting":false,"audioPlay":false,"sceneViewState":{"m_AlwaysRefresh":false,"showFog":true,"showSkybox":false,"showFlares":true,"showImageEffects":true,"showParticleSystems":true,"showVisualEffectGraphs":true,"m_FxEnabled":true},"in2DMode":false,"pivot":{"x":-12.837400436401368,"y":-4.862217903137207,"z":1.4335064888000489},"rotation":{"x":0.4376732409000397,"y":-0.005114267114549875,"z":0.0024924769531935455,"w":0.8991350531578064},"size":17.283288955688478,"orthographic":false}