{"cameraMode":{"drawMode":0,"name":"Shaded","section":"Shading Mode"},"sceneLighting":false,"audioPlay":false,"sceneViewState":{"m_AlwaysRefresh":false,"showFog":true,"showSkybox":false,"showFlares":true,"showImageEffects":true,"showParticleSystems":true,"showVisualEffectGraphs":true,"m_FxEnabled":true},"in2DMode":false,"pivot":{"x":-0.001721356064081192,"y":-0.0019704625010490419,"z":-0.00014097988605499268},"rotation":{"x":0.46647340059280398,"y":-0.02554147318005562,"z":0.01330223586410284,"w":0.8846465349197388},"size":0.15073207020759583,"orthographic":false}