{"cameraMode":{"drawMode":0,"name":"Shaded","section":"Shading Mode"},"sceneLighting":false,"audioPlay":false,"sceneViewState":{"m_AlwaysRefresh":false,"showFog":true,"showSkybox":false,"showFlares":true,"showImageEffects":true,"showParticleSystems":true,"showVisualEffectGraphs":true,"m_FxEnabled":true},"in2DMode":false,"pivot":{"x":0.36440688371658327,"y":-0.020455121994018556,"z":-0.1178445816040039},"rotation":{"x":0.23008285462856294,"y":-0.005855613388121128,"z":0.0012634528102353216,"w":0.9736878275871277},"size":2.8305652141571047,"orthographic":false}